Name,Errors,Id
Edge Communications,,0013G00000CMcxrQAD
Burlington Textiles Corp of America,,0013G00000CMcxsQAD
Pyramid Construction Inc.,,0013G00000CMcxtQAD
Dickenson plc,,0013G00000CMcxuQAD
Grand Hotels & Resorts Ltd,,0013G00000CMcxvQAD
United Oil & Gas Corp.,,0013G00000CMcxwQAD
Express Logistics and Transport,,0013G00000CMcxxQAD
University of Arizona,,0013G00000CMcxyQAD
"United Oil & Gas, UK",,0013G00000CMcxzQAD
"United Oil & Gas, Singapore",,0013G00000CMcy0QAD
GenePoint,,0013G00000CMcy1QAD
sForce,,0013G00000CMcy2QAD
