Id,Name
001IY000002TcfZYAS,Sample Account for Entitlements
001IY000002TcfNYAS,Edge Communications
001IY000002TcfOYAS,Burlington Textiles Corp of America
001IY000002TcfPYAS,Pyramid Construction Inc.
001IY000002TcfQYAS,Dickenson plc
001IY000002TcfRYAS,Grand Hotels & Resorts Ltd
001IY000002TcfSYAS,United Oil & Gas Corp.
001IY000002TcfTYAS,Express Logistics and Transport
001IY000002TcfUYAS,University of Arizona
001IY000002TcfVYAS,"United Oil & Gas, UK"
001IY000002TcfWYAS,"United Oil & Gas, Singapore"
001IY000002TcfXYAS,GenePoint
001IY000002TcfYYAS,sForce
